file_name,link,direct_download_link,description,schedule_time,type,created_at,scheduled_time,response
"ChatGPT Image Sep 20, 2025, 05_20_53 PM (1).png",https://roijkj4qsqonzh68.public.blob.vercel-storage.com/uploads/c4c7237d-f24c-4897-a488-d78ad093bdb9/1761324053368-ChatGPT%20Image%20Sep%2020%2C%202025%2C%2005_20_53%20PM%20%281%29.png,https://roijkj4qsqonzh68.public.blob.vercel-storage.com/uploads/c4c7237d-f24c-4897-a488-d78ad093bdb9/1761324053368-ChatGPT%20Image%20Sep%2020%2C%202025%2C%2005_20_53%20PM%20%281%29.png,"test
.
..
lo0ve",,graphic,2025-10-24T16:40:56.035587+00:00,2025-10-24 22:55:54,{'id': '228482657011871_122263363106193105'}
Smiiiile.mp4,https://roijkj4qsqonzh68.public.blob.vercel-storage.com/uploads/9544f569-35b6-4490-8c15-56d2299ba1a3/1761323589653-Smiiiile.mp4,https://roijkj4qsqonzh68.public.blob.vercel-storage.com/uploads/9544f569-35b6-4490-8c15-56d2299ba1a3/1761323589653-Smiiiile.mp4,"check
.
.
.
.
192.1689",,video,2025-10-24T16:33:19.778672+00:00,2025-10-24 23:25:54,{'id': '1141803647563555'}
IMG_20250507_210226.png,https://roijkj4qsqonzh68.public.blob.vercel-storage.com/uploads/c4c7237d-f24c-4897-a488-d78ad093bdb9/1761323632269-IMG_20250507_210226.png,https://roijkj4qsqonzh68.public.blob.vercel-storage.com/uploads/c4c7237d-f24c-4897-a488-d78ad093bdb9/1761323632269-IMG_20250507_210226.png,"love
.
.
.
.
#test #love #bvuas",,graphic,2025-10-24T16:33:55.448326+00:00,2025-10-25 01:25:54,{'id': '228482657011871_122263363166193105'}
"Providing video editing,motion graphics and graphic design services.Open for commissions and col.mp4",https://roijkj4qsqonzh68.public.blob.vercel-storage.com/uploads/9544f569-35b6-4490-8c15-56d2299ba1a3/1761322240801-Providing%20video%20editing%2Cmotion%20graphics%20and%20graphic%20design%20services.Open%20for%20commissions%20and%20col.mp4,https://roijkj4qsqonzh68.public.blob.vercel-storage.com/uploads/9544f569-35b6-4490-8c15-56d2299ba1a3/1761322240801-Providing%20video%20editing%2Cmotion%20graphics%20and%20graphic%20design%20services.Open%20for%20commissions%20and%20col.mp4,"HAHAH
.",,video,2025-10-24T16:10:41.706327+00:00,2025-10-25 01:55:54,{'id': '1303643131081771'}
"Providing video editing,motion graphics and graphic design services.Open for commissions and col.mp4",https://roijkj4qsqonzh68.public.blob.vercel-storage.com/uploads/9544f569-35b6-4490-8c15-56d2299ba1a3/1761308386330-Providing%20video%20editing%2Cmotion%20graphics%20and%20graphic%20design%20services.Open%20for%20commissions%20and%20col.mp4,https://roijkj4qsqonzh68.public.blob.vercel-storage.com/uploads/9544f569-35b6-4490-8c15-56d2299ba1a3/1761308386330-Providing%20video%20editing%2Cmotion%20graphics%20and%20graphic%20design%20services.Open%20for%20commissions%20and%20col.mp4,"TEST 

.
.
.
#LOVR #TEST",,video,2025-10-24T12:19:46.840332+00:00,2025-10-25 03:55:54,{'id': '759129843802755'}
